{"cancellation_rate_percent": 37.04, "total_revenue": 42723497.53, "top_20_countries_by_bookings": {"PRT": 48590, "GBR": 12129, "FRA": 10415, "ESP": 8568, "DEU": 7287, "ITA": 3766, "IRL": 3375, "BEL": 2342, "BRA": 2224, "NLD": 2104, "USA": 2097, "CHE": 1730, "CN": 1279, "AUT": 1263, "SWE": 1024, "CHN": 999, "POL": 919, "ISR": 669, "RUS": 632, "NOR": 607}, "average_lead_time": 104.01, "average_nights_per_hotel": {"city hotel": 2.978141938736922, "resort hotel": 4.318547179231153}}